Week,students,mean_clicks,mean_assess
2,25111,246.7166580383099,11.076725259152282
4,25707,392.645193916054,54.32990094290421
6,25864,495.06874420043306,60.44335258717895
8,25962,593.357638086434,62.859615135140906
