,AUROC,AUPRC,F1,Precision,Recall,Balanced_Accuracy
Original,0.835668411578539,0.841999646660575,0.7319148936170212,0.7827885808853952,0.6872502724300763,0.757952812455247
Shuffled,0.50938224049909,0.48729926794159806,0.41757339355368506,0.4801699716713881,0.36941518343625135,0.5050404898904495
