Week,AUROC,Split
2,0.7411142874682142,Random
4,0.7986915743096974,Random
6,0.8233933243336876,Random
8,0.853989749136712,Random
