At_Risk_%,Low_Risk_%,Avg_Sparsity,Avg_Variance,Samples,Features,Constant_Features,Avg_VLE_Signal,Week
0.46629393540116093,0.5337060645988391,0.7729179548772869,1571.776499370377,28081,55,0,75.8743063070625,2
0.4713114754098361,0.5286885245901639,0.7408648867109551,3356.4312187979644,28792,55,0,119.49213938033995,4
0.472854036516757,0.527145963483243,0.7358838793484843,5278.031768618693,28973,55,0,149.93438589590914,6
0.4732317848915174,0.5267682151084826,0.7343815349798226,7661.574801676964,29083,55,0,179.20268653565202,8
