At_Risk_%,Low_Risk_%,Avg_Sparsity,Avg_Variance,Samples,Features,Constant_Features,Avg_VLE_Signal
0.472854036516757,0.527145963483243,0.7358838793484843,5278.031768618693,28973,55,0,149.93438589590914
