At_Risk_%,Low_Risk_%,Avg_Sparsity,Avg_Variance,Samples,Features,Constant_Features,Avg_VLE_Signal
0.4732317848915174,0.5267682151084826,0.7343815349798226,7661.574801676964,29083,55,0,179.20268653565202
