At_Risk_%,Low_Risk_%,Avg_Sparsity,Avg_Variance,Samples,Features,Constant_Features,Avg_VLE_Signal
0.46629393540116093,0.5337060645988391,0.7729179548772869,1571.776499370377,28081,55,0,75.8743063070625
