At_Risk_%,Low_Risk_%,Avg_Sparsity,Avg_Variance,Samples,Features,Constant_Features,Avg_VLE_Signal
0.4713114754098361,0.5286885245901639,0.7408648867109551,3356.4312187979644,28792,55,0,119.49213938033995
