,threshold,f1,precision,recall,description,total_cost
max_f1,0.40000000000000013,0.8041731284364866,0.7811558477129553,0.8285880302149913,Balanced precision and recall,
high_precision,0.30000000000000004,0.7911465705829366,0.7100947100947101,0.8930854154561302,Minimize false alarms (precision ≥ 0.7),
high_recall,0.40000000000000013,0.8041731284364866,0.7811558477129553,0.8285880302149913,Catch most at-risk students (recall ≥ 0.8),
cost_sensitive,0.30000000000000004,0.7911465705829366,0.7100947100947101,0.8930854154561302,Minimize cost (FN cost = 3x FP cost),2359
